title,price,url
Park Avenue Apple Cider Vinegar Shampoo with honey for...,152,https://www.amazon.in/Park-Avenue-Apple-Cider-Shampoo/dp/B091Z6R6FT?ref_=ast_sto_dp&th=1&psc=1
Park Avenue Coco Water Shampoo 180ml,151,https://www.amazon.in/Park-Avenue-Water-Shampoo-180ml/dp/B091Z47Y5Q?ref_=ast_sto_dp
Park Avenue Beer shampoo For Damaged hair (350ml) | Paraben...,285,https://www.amazon.in/Park-Avenue-Damage-Shampoo-350ml/dp/B00K1C03SG?ref_=ast_sto_dp&th=1&psc=1
Park Avenue Beer shampoo For Damaged hair (180ml) | Paraben...,136,https://www.amazon.in/Park-Avenue-Shampoo-Damage-190ml/dp/B00DSNLV1S?ref_=ast_sto_dp&th=1&psc=1
Park Avenue Beer shampoo for Shiny & Bouncy Hair (180ml) |...,119,https://www.amazon.in/Park-Avenue-Shampoo-Shiny-Bouncy/dp/B00HT03X76?ref_=ast_sto_dp
Park Avenue Beer shampoo For Damaged hair (650ml) | Paraben...,325,https://www.amazon.in/Park-Avenue-Beer-Shampoo-Damage/dp/B08JDK9JL7?ref_=ast_sto_dp&th=1&psc=1
Park Avenue Premium Men’s Soaps for Bath – Pure Luxury | 125g...,126,https://www.amazon.in/Park-Avenue-Pure-Luxury-500gm/dp/B0B6ZXHMX7?ref_=ast_sto_dp
Park Avenue Premium Men’s Soaps for Bath – Good Morning | 125g...,179,https://www.amazon.in/Park-Avenue-Good-Morning-500gm/dp/B0B6ZZB6Q6?ref_=ast_sto_dp&th=1&psc=1
Park Avenue Premium Men’s Soaps for Bath – Cool Blue | 125g (Pack...,126,https://www.amazon.in/Park-Avenue-Cool-Blue-500gm/dp/B0B71149YK?ref_=ast_sto_dp&th=1&psc=1
"Park Avenue Premium Men's Soap, Cool Blue with Menthol &...",235,https://www.amazon.in/Avenue-Premium-Menthol-Multi-Mineral-Energizers/dp/B077GYP18M?ref_=ast_sto_dp&th=1&psc=1
"Park Avenue Premium Men’S Soap, Shea Butter+ Coconut Oil, 125G...",202,https://www.amazon.in/Park-Avenue-Soap-Luxury-125g/dp/B077GZ5D23?ref_=ast_sto_dp&th=1&psc=1
"Park Avenue Premium Men’s Soap, Tea tree Oil+Shea Butter, 125g...",208,https://www.amazon.in/Park-Avenue-Good-Morning-Soap/dp/B075KLZWKC?ref_=ast_sto_dp
Park Avenue Spice Trail Deodorant for men | Natural Organic...,262,https://www.amazon.in/Park-Avenue-Deodorant-Perfumes-Essential/dp/B0BGRZQMTM?ref_=ast_sto_dp&th=1&psc=1
Park Avenue Misty Trail Deodorant for men | Natural Organic...,262,https://www.amazon.in/Park-Avenue-Deodorant-Perfumes-Essential/dp/B0BGS17R51?ref_=ast_sto_dp
Park Avenue Voyage Signature Collection | Deodorant for Men |...,187,https://www.amazon.in/Park-Avenue-Signature-Voyage-235ml/dp/B01CSHNUFE?ref_=ast_sto_dp&th=1&psc=1
Park Avenue Original Collection | Deodorant for Men | Fresh...,338,https://www.amazon.in/Park-Avenue-Classic-150ml-Morning/dp/B075MGGBL1?ref_=ast_sto_dp
Park Avenue Voyage & Neo Signature Collection | Deodorant...,375,https://www.amazon.in/Park-Avenue-Super-Saver-Voyage/dp/B00ZC4U2NY?ref_=ast_sto_dp&th=1&psc=1
Park Avenue Original Collection | Deodorant for Men | Fresh...,266,https://www.amazon.in/Park-Avenue-Morning-Classic-250ml/dp/B00HVVXAXA?ref_=ast_sto_dp&th=1&psc=1
Park Avenue Original Collection | Deodorant for Men | Fresh...,169,https://www.amazon.in/Park-Avenue-Cool-Blue-Classic/dp/B007E9IIHC?ref_=ast_sto_dp&th=1&psc=1
"Park Avenue Storm Deodorant For Men, 150ml/100g",191,https://www.amazon.in/Park-Avenue-Storm-Deo-150ml/dp/B007E9IGSS?ref_=ast_sto_dp&th=1&psc=1
"Park Avenue Neo Signature Deo For Men, 150ml",200,https://www.amazon.in/Park-Avenue-Signature-Deo-140ml/dp/B019U6DC0E?ref_=ast_sto_dp
Park Avenue Original Collection | Deodorant for Men | Fresh...,122,https://www.amazon.in/Park-Avenue-Good-Morning-Deodorant/dp/B007E9I11K?ref_=ast_sto_dp&th=1&psc=1
"Park Avenue Signature Voyage Deodorant for Men, 150ml",125,https://www.amazon.in/Park-Avenue-Signature-Voyage-140ml/dp/B007E9INFO?ref_=ast_sto_dp&th=1&psc=1
Park Avenue Neo Signature Collection | Deodorant for Men |...,195,https://www.amazon.in/Park-Avenue-Mega-Signature-235ml/dp/B077P7T61W?ref_=ast_sto_dp&th=1&psc=1
Park Avenue Alter Ego Signature Collection | Deodorant for Men |...,213,https://www.amazon.in/Park-Avenue-Signature-Alter-140ml/dp/B0063BN2RS?ref_=ast_sto_dp&th=1&psc=1
"Park Avenue Tranquil Stay Calm Fragrance Body Spray For Men,...",150,https://www.amazon.in/Park-Avenue-Tranquil-Fragrance-Spray/dp/B007E9IJM6?ref_=ast_sto_dp&th=1&psc=1
"Park Avenue Men's Classic Deo Mega Pack Good Morning,...",449,https://www.amazon.in/Park-Avenue-Classic-Morning-167Gm/dp/B06XVSSXBV?ref_=ast_sto_dp
Park Avenue Men's Classic Deo Mega Pack Storm (Pack of 2 x...,495,https://www.amazon.in/Park-Avenue-Classic-Storm-167Gm/dp/B06XW6JRD5?ref_=ast_sto_dp
Park Avenue Good Morning Combo Perfume For Men Fresh Long...,216,https://www.amazon.in/Park-Avenue-Classic-Morning-100gm/dp/B06XW8MH73?ref_=ast_sto_dp&th=1&psc=1
"Park Avenue Men's Classic Deo Tranquil,100gm (Pack of 2)",335,https://www.amazon.in/Park-Avenue-Classic-Tranquil-100gm/dp/B06XW2F5D2?ref_=ast_sto_dp
"Park Avenue Deo Cool Blue Freshness Mega Pack for Men,...",225,https://www.amazon.in/Park-Avenue-Mega-Pack-Classic/dp/B00HVVX9XQ?ref_=ast_sto_dp
Park Avenue Original Collection | Deodorant for Men | Fresh...,287,https://www.amazon.in/Park-Avenue-Storm-Super-Saver/dp/B00HVVXBMA?ref_=ast_sto_dp
Park Avenue Original Collection | Deodorant for Men | Fresh...,499,https://www.amazon.in/Park-Avenue-Body-Deo-Morning/dp/B074SXL4Q6?ref_=ast_sto_dp&th=1&psc=1
"Park Avenue Good Morning with Free Body Deo, Storm, Multicolor,...",383,https://www.amazon.in/Park-Avenue-Morning-100ml-Storm/dp/B073ZDBPSP?ref_=ast_sto_dp&th=1&psc=1
"Park Avenue Premium Perfume, Icon, 108g/130ml.",238,https://www.amazon.in/Park-Avenue-Premium-Perfume-120ml/dp/B00PS7Z6RC?ref_=ast_sto_dp&th=1&psc=1
"Park Avenue Premium Perfume for Men, Magnifico,(25% free)...",238,https://www.amazon.in/Park-Avenue-Premium-Perfume-Magnifico/dp/B00YHAWWM8?ref_=ast_sto_dp&th=1&psc=1
Park Avenue Regal NO GAS Premium Perfume For Men Long...,149,https://www.amazon.in/Park-Avenue-Premium-Perfume-Regal/dp/B00PS8DUJW?ref_=ast_sto_dp&th=1&psc=1
Park Avenue Maestro NO GAS Premium Perfume For Men Long...,250,https://www.amazon.in/Park-Avenue-Maestro-Perfume-Liquid/dp/B07FYNR75H?ref_=ast_sto_dp&th=1&psc=1
Park Avenue Good Morning Ultimate NO GAS Premium...,275,https://www.amazon.in/Park-Avenue-Morning-Perfume-Ultimate/dp/B07C2HT4NF?ref_=ast_sto_dp&th=1&psc=1
"Park Avenue Voyage Amazon Woods Perfume For Men, 120ml",157,https://www.amazon.in/Park-Avenue-Voyage-Amazon-Perfume/dp/B084V46KGT?ref_=ast_sto_dp&th=1&psc=1
Park Avenue Original Collection | Deodorant for Men | Fresh...,112,https://www.amazon.in/Park-Avenue-Morning-Perfume-Intense/dp/B07C2J291K?ref_=ast_sto_dp&th=1&psc=1
"Park Avenue Alexander Perfume Body Spray For Men, 130ml",169,https://www.amazon.in/Park-Avenue-Alexander-Fragrance-150ml/dp/B074N9KSKP?ref_=ast_sto_dp&th=1&psc=1
Park Avenue Epic Perfume Spray Gas Free For Men 120 ml/100 g -...,165,https://www.amazon.in/Park-Avenue-Epic-Fragrance-150ml/dp/B074N47KMR?ref_=ast_sto_dp&th=1&psc=1
Park Avenue Marcus NO GAS Perfume Spray For Men's Long...,179,https://www.amazon.in/Park-Avenue-Marcus-Fragrance-150ml/dp/B074NB139S?ref_=ast_sto_dp&th=1&psc=1
Park Avenue Zouk NO GAS Mist Perfume For Men Long Lasting...,220,https://www.amazon.in/Park-Avenue-Collection-Perfume-Spray/dp/B01MQTPJ6D?ref_=ast_sto_dp
"Park Avenue Men's Elevate Perfume Spray, 100g",188,https://www.amazon.in/Park-Avenue-Elevate-Perfume-Spray/dp/B074XTFRHM?ref_=ast_sto_dp
"Park Avenue Marcus Body Fragrance, 150ml (Pack of 2)",299,https://www.amazon.in/Park-Avenue-Marcus-Fragrance-150ml/dp/B07BZSN7RN?ref_=ast_sto_dp&th=1&psc=1
"Park Avenue Harmony – Eau De Parfum Men, 100ml | Perfume for...",299,https://www.amazon.in/Park-Avenue-Perfume-Harmony-100ml/dp/B07845CN2K?ref_=ast_sto_dp
"Park Avenue Euphoria – Eau De Parfum Men, 100ml | Perfume for...",299,https://www.amazon.in/Park-Avenue-Perfume-Euphoria-100ml/dp/B07845BYSZ?ref_=ast_sto_dp
"Park Avenue Eau De Perfume, Harmony, 50ml",350,https://www.amazon.in/Park-Avenue-Perfume-Harmony-50ml/dp/B077P5L1TZ?ref_=ast_sto_dp
"Park Avenue Voyage Obsession Eau De Liquid Parfum For Men, 50 ml",199,https://www.amazon.in/Park-Avenue-Voyage-Obsession-Parfum/dp/B084ZGRVX7?ref_=ast_sto_dp&th=1&psc=1
"Park Avenue Mens Perfume | Founder | Eau De Parfum, 100 Ml...",600,https://www.amazon.in/Park-Avenue-Founder-Premium-Perfume/dp/B0BBGZSFKJ?ref_=ast_sto_dp
"Park Avenue Men Perfume | Discoverer | Eau De Parfum, 100...",600,https://www.amazon.in/Park-Avenue-Discoverer-Premium-Perfume/dp/B0BBGZMB6Z?ref_=ast_sto_dp
"Park Avenue Men's Perfume | Livewire | Eau De Parfum, 100 Ml...",600,https://www.amazon.in/Park-Avenue-Livewire-Premium-Perfume/dp/B0BBH3HYC8?ref_=ast_sto_dp
"Park Avenue Men's Perfume | Dynamo | Eau De Parfum, 100 Ml...",540,https://www.amazon.in/Park-Avenue-Premium-Perfume-Lasting/dp/B0BBH1PS7R?ref_=ast_sto_dp
Park Avenue Luxury Grooming Collection 8 in-1 Combo...,351,https://www.amazon.in/Park-Avenue-Luxury-Grooming-Collection/dp/B00G23S4YS?ref_=ast_sto_dp
Park Avenue Good Morning Grooming Collection 7 in-1...,281,https://www.amazon.in/Park-Avenue-Good-Morning-Grooming/dp/B07YY7YPLT?ref_=ast_sto_dp
Park Avenue Essential Grooming Collection 7 in-1 Combo...,345,https://www.amazon.in/Park-Avenue-Essential-Grooming-kit/dp/B00G23S3S0?ref_=ast_sto_dp
"Park Avenue City Detox Perfect 10 Face Wash, Purifies and...",,https://www.amazon.in/Park-Avenue-Perfect-Purifies-Nourishes/dp/B08JDHSKMS?ref_=ast_sto_dp
"Park Avenue City Detox Neem + Clay Face Wash, Clears Oil and...",,https://www.amazon.in/Park-Avenue-Clears-Refreshes-Mineral/dp/B08JDNKLHT?ref_=ast_sto_dp
